df_merged_index,C4orf3,ANXA13,primary_or_metastasis
0,0.134276881496269,-0.078526037658671,Primary
1,0.18323069838794,-0.115307797494386,Primary
2,0.113388732168364,-0.18895085925878,Primary
3,0.047492995199016,-0.126668990798364,Primary
4,0.029569868302905,0.068956928409864,Primary
5,-0.149588638118341,-0.416838860388499,Metastasis
6,0.095239047077688,0.033141599183597,
7,-0.117279789046317,-0.22123178852594,Primary
8,0.098536532185203,-0.095816215128099,Metastasis
9,0.068056225545024,-0.155890611724072,Metastasis
10,0.111205175132334,-0.079495685621454,Primary
11,0.128584692363542,-0.023660053721855,
12,0.102282111696191,-0.106990836789424,Metastasis
13,-0.041703293250295,-0.231772058056701,Metastasis
14,0.119309823592102,-0.055188430561197,Primary
15,0.091516815357757,-0.026414666018924,
16,-0.021337702189464,-0.063263342675767,Primary
17,0.137979499136166,0.029845799916208,Metastasis
18,0.012859098509414,-0.093533440802955,Primary
19,0.0428702894125,-0.056993019437965,Metastasis
20,0.127219035272033,-0.175243724318369,Metastasis
21,0.119242774475359,-0.351205941761972,
22,0.068103563761844,0.147713991763784,Primary
23,-0.003619102898421,0.11262284751335,Primary
24,0.069123487094446,-0.057788697888003,Metastasis
25,0.083331282395419,-0.286017231819187,
26,0.130866099104873,-0.071254398639874,Primary
27,0.036036136492689,-0.039007070230419,Primary
28,0.066762762878678,0.07220809852756,
29,0.055527274078289,-0.108442720765304,
30,-0.011960022360202,-0.079492687132101,Primary
31,0.136289528715867,-0.444148792670166,Metastasis
32,0.03112210273599,0.174658305428383,Metastasis
33,0.251792138726934,-0.120718076365942,Metastasis
34,0.083426898465651,-0.137376494018346,Metastasis
35,0.085859938527072,0.013306883563441,Primary
36,0.051253960533864,0.025898757755118,Metastasis
37,0.110923673791694,-0.118838587019956,Primary
38,0.112860641774942,-0.100497041144827,Primary
39,0.088696500530983,0.029253829661868,Metastasis
40,0.026837442227345,-0.196103550748015,Primary
41,-0.003844457913652,-0.046565712920194,Metastasis
42,0.116744222952569,0.101318994486675,Primary
43,-0.02043333842895,0.013079033200951,Primary
44,0.045066905306121,-0.173694870894704,Primary
45,0.01303303603333,0.081095828269851,
46,0.048305961430787,-0.07433461962588,Primary
47,0.196868519570969,-0.11434069512271,kidney
48,0.017429006352991,0.045669401839243,Primary
49,0.059765335107192,-0.185960681611412,Metastasis
50,0.106948792527902,-0.042837755553948,Primary
51,-0.018301824206858,0.049560334086438,Primary
52,0.058476978384001,-0.141979846238693,Primary
53,-0.061456804625662,-0.11714371141541,
54,-0.027759104637955,-0.013604260869985,Metastasis
55,0.08458012387189,-0.040622398556612,
56,-0.025521900895871,0.003449151143237,
57,-0.017944361766108,0.050609299424349,
58,-0.071558114287999,-0.034793356537618,Metastasis
59,0.0121340651855,0.053319141071737,Primary
60,0.059928944555277,-0.113895584540864,Metastasis
61,0.010488135341631,-0.154862127487389,Metastasis
62,0.004656736502866,-0.122695411774177,Primary
63,-0.011374107679188,-0.050545089076565,Primary
64,-0.086177249474881,0.031044693359929,Primary
65,0.215514429506896,0.081048785326604,Metastasis
66,0.020570431988286,0.0053300025002,
67,0.032980141862997,-0.086089684688531,Primary
68,0.010192056757393,0.042904063120283,Metastasis
69,0.143939652152591,0.001954964252916,Metastasis
70,-0.111377608410393,-0.138972131163335,Metastasis
71,0.00443167817808,0.092601234057364,Metastasis
72,0.136357455949383,-0.040234840267666,Primary
73,0.084192180424459,-0.051398009613627,
74,0.046574011750621,-0.030473118151177,Metastasis
75,0.16988596008207,0.03061914014818,
76,-0.029381144721587,0.027356741368802,
77,0.009997325251369,-0.043877428675959,Primary
78,0.074639853674973,-0.079330592041701,central_nervous_system
79,0.064146453323508,-0.072968832804079,Metastasis
80,0.149154000572727,0.028568871843417,Metastasis
81,0.015660299541628,0.056365426985633,Primary
82,0.174615672429382,0.029172101158614,Primary
83,0.015895697680239,-0.090428066066444,Primary
84,0.145949973623929,-0.055770156802132,Primary
85,0.018396296793152,0.096442475993967,Primary
86,0.034303679479659,0.050532748433483,Primary
87,0.149689117881413,0.130764222565518,Primary
88,-0.073001790227865,-0.154428430290676,
89,0.056186895192767,-0.08823060680755,
90,0.043193443772247,-0.116381033079546,
91,0.098501480238827,-0.025520727603065,Primary
92,0.083180790809832,0.132166256747348,
93,0.10091436610956,0.080573275197016,
94,0.007965153856544,-0.039970012667795,
95,0.057991974536457,-0.016777139771252,Primary
96,0.023372768236948,0.061612607953999,Primary
97,0.039247052480687,-0.013534057488045,Primary
98,0.075331309537312,0.032783983695076,Metastasis
99,0.072966957697547,-0.206947431067112,Primary
100,-0.13558129110056,0.10226585615177,
101,0.112579763367988,-0.118415747216313,Primary
102,0.07753411513959,0.154128223050585,
103,0.108785034811337,-0.096737824744593,Primary
104,-0.087044186212577,-0.098638922710848,lung
105,0.102740399658744,0.030439668357506,
106,0.028106787336604,0.179001279433125,Metastasis
107,0.067505850349582,-0.215959675767012,Metastasis
108,0.034996685516378,-0.120166898037698,Primary
109,0.089673843975758,0.008425435492878,central_nervous_system
110,0.064092225813342,-0.092144434790387,Metastasis
111,0.079151689087453,-0.045855899347081,Primary
112,0.083189774884824,-0.148886388854965,Metastasis
113,0.12188177786715,-0.078850713038902,Primary
114,0.098740805271418,-0.104764259277472,Primary
115,0.088239177720231,-0.059076410552484,lung
116,0.049612312155149,0.027060058584135,
117,0.094661855697663,-0.223853785805771,
118,0.184446282096646,-0.102497066003121,Primary
119,0.091140831050712,-0.101566339778275,
120,0.047545679528632,0.095536950879305,
121,-0.06814932546904,-0.055456306980616,Primary
122,0.072664348216812,-0.041681535630394,
123,0.001865882905604,0.127938259892539,Primary
124,0.059234347914597,-0.060039361885695,Primary
125,0.304683211306664,0.034163745464101,Metastasis
126,0.082780955310414,-0.065834807058874,Metastasis
127,0.031009708033313,-0.092702237951532,
128,-0.022453009599391,-0.103341405267966,Metastasis
129,0.060059787961982,0.263450798225597,Metastasis
130,0.003744633473158,-0.134107967163406,Primary
131,0.076238439130325,0.141727551181399,Metastasis
132,0.020258576339378,0.06091140983525,Primary
133,0.071767105586078,-0.119839407207293,Primary
134,0.174477915122606,0.0453437938421,Primary
135,0.044937816181409,-0.005672396043097,kidney
136,-0.044079705342913,-0.013791738262379,Primary
137,-0.167071501080504,0.098778214008685,
138,0.101545810908424,-0.049615001377968,
139,-0.018877855862912,-0.115767781689102,
140,0.075329897182339,-0.031009282373336,Metastasis
141,-0.043332095876728,0.054250551809114,
142,0.023763585390831,-0.046359473696983,Primary
143,0.012078122346679,0.175310414800277,
144,0.14031069283119,-0.064310113276034,Primary
145,-0.03653143171845,-0.091842820462137,
146,0.023502984080471,0.028193579213462,autonomic_ganglia
147,0.007002093013881,-0.142732188586334,Primary
148,0.079058206914305,-0.030785938349692,
149,-0.01150224875936,0.130279849058764,Metastasis
150,0.096083020550109,-0.005611224289314,Primary
151,-0.052818720587514,0.033676967359815,Metastasis
152,0.270381175031556,-0.699950554297561,Primary
153,0.043888305549695,-0.027396374925741,Primary
154,0.001087056611267,0.055568155472622,
155,0.087145041841518,-0.121022263367542,Metastasis
156,0.234127964353062,-0.171135637429132,Primary
157,0.17786100138793,0.057735769811869,
158,0.096071694490246,-0.010644447306912,Primary
159,0.007480860060554,-0.243018595417904,Primary
160,-0.017938222376483,-0.00332264444332,Primary
161,0.137430461871644,-0.371202292185637,Primary
162,0.085173599368506,-0.126611439718254,Primary
163,0.055015178000856,-0.177052038233198,Primary
164,0.152619541353251,-0.042797933127588,Primary
165,0.118322188077742,-0.089866258917347,Primary
166,0.102650597030707,0.052539242677129,Primary
167,-0.013372777246892,0.122023516223993,Primary
168,0.124027304511844,0.007517144973596,Primary
169,0.065097708175836,-0.078024553310532,Primary
170,0.145566025766547,0.014219999764442,Metastasis
171,0.059972195965866,-0.14543917353713,Primary
172,0.044444588106485,-0.087472845866145,Primary
173,-0.190282099131562,0.063283636476645,Metastasis
174,0.107053712024386,-0.145341163414864,Metastasis
175,0.036045214454124,-0.22629561864209,Metastasis
176,0.006206928202098,-0.098869158961997,
177,0.12906927473717,-0.205805677756827,Metastasis
178,0.058152473466027,-0.086024889178576,Primary
179,0.144601814034511,-0.085821654340109,Metastasis
180,0.093982985646094,-0.085882626397155,Primary
181,0.114964456717893,-0.071573698077719,Metastasis
182,0.074465141908952,-0.271252105029611,Primary
183,0.063280238011769,-0.106062323741011,Primary
184,0.092513528137571,-0.011990284022598,Metastasis
185,0.201477667527523,-0.139267359377985,Primary
186,0.179390596889448,0.095737512512247,
187,0.010328841638696,0.093580581988968,Primary
188,0.138101677549081,-0.203787175363218,Primary
189,-0.015435114921619,-0.176707256273374,Metastasis
190,-0.166146744099361,-0.01545941842552,
191,0.093116605403669,-0.040109886915664,
192,0.093397594354834,-0.146312292291479,Primary
193,0.085004509215819,0.033402842850925,
194,0.084425775432394,0.076574447876569,Metastasis
195,0.068554115076129,-0.232582724015538,Primary
196,0.141003639536911,-0.200112643077923,Primary
197,0.11830571582062,0.092312405275425,Metastasis
198,0.020314421556667,-0.272711679302099,Metastasis
199,0.089314583444453,-0.01520857115477,Primary
200,-0.036326249300239,-0.202006299816156,Metastasis
201,0.194042885801368,0.07988741327439,Metastasis
202,0.05657895715916,-0.15023993186183,Metastasis
203,0.136355272882573,-0.04657532411711,Metastasis
204,0.00556851575585,-0.071556577713208,Primary
205,-0.006392839673598,0.024090109070939,Primary
206,0.00932542295749,-0.007062481907866,Primary
207,0.063645000443935,-0.111602737298055,Primary
208,-0.096222039496132,-0.165884051030964,
209,0.101351118513519,-0.138136948110711,Metastasis
210,-0.020821818706505,-0.132720604888639,Metastasis
211,-0.050242769392929,0.036151439315149,Primary
212,-0.078391033319334,-0.165098220057338,Metastasis
213,0.104034638079017,-0.235211086923964,Metastasis
214,-0.038319271710208,-0.126986588099049,haematopoietic_and_lymphoid_tissue
215,0.100634010414272,0.078721124140613,
216,0.159451135009542,0.021030920102363,Metastasis
217,-0.054343673433016,-0.075079057492018,
218,-0.009177065359876,-0.009253600531758,Primary
219,0.060628666864942,-0.101781407908752,Primary
220,0.109541867700631,-0.010778821037448,Metastasis
221,0.071559355208359,-0.111942377509675,Metastasis
222,0.005522906517075,0.061387470898218,Primary
223,0.08031873006167,0.015771632090336,Primary
224,0.032265818131301,-0.082754401740524,Metastasis
225,0.07903189670351,-0.196150469265766,Metastasis
226,-0.040133223186686,-0.105861124413745,
227,0.055685679558273,0.076176473063413,Primary
228,-0.003119206847526,-0.272495723815716,Primary
229,0.09237886783323,0.060892989045087,Metastasis
230,0.046563331593421,-0.116645611581635,Metastasis
231,0.200740603534576,0.068977808527743,
232,-0.026555518199765,0.00315126133547,Primary
233,0.075345237345368,0.053087454154225,Metastasis
234,-0.217242566463526,-0.239853248383828,bone
235,0.028708107267685,-0.071429787898818,Primary
236,0.029635270664168,-0.073608915448156,Primary
237,-0.016851893815797,0.01620569119281,Metastasis
238,0.024584126247024,0.00468723117729,Primary
239,0.105567930438163,-0.089641409433211,Primary
240,0.075039354714176,0.000113627755445,Metastasis
241,0.033227529517148,-0.060439244426234,Primary
242,-0.067087235990389,-0.053252742689679,Metastasis
243,0.026915567076768,-0.076336890831937,Primary
244,0.043831576305077,0.007788310333233,Primary
245,0.088724042800958,-0.165516305208748,Metastasis
246,0.050859428921074,-0.167548591485851,Primary
247,0.117704705399997,-0.062710973826434,Primary
248,-0.021108165527475,-0.076988073293079,Metastasis
249,0.062233688926789,-0.167535503429405,
250,0.098489699116748,-0.017757338620657,Primary
251,0.081793065065039,-0.08065581428037,Primary
252,0.116448506215441,0.012224955364672,Metastasis
253,-0.024673901587112,-0.065872184176949,Metastasis
254,0.097548678969031,-0.118367590575276,Primary
255,0.030914556713453,-0.104306204402612,
256,0.062896683251511,-0.071599285107852,
257,-0.202097879536597,-0.055879440926458,Primary
258,0.102959838358372,-0.158921444081468,Primary
259,0.041244668022715,0.045605903901277,Metastasis
260,0.226393075562226,-0.124488109650497,
261,0.001481162858489,-0.231411952588088,Metastasis
262,0.001136594414201,-0.036674575747426,
263,0.066480950457108,-0.167810993836848,Metastasis
264,0.139555470431009,-0.09191851541656,Primary
265,0.023365975943964,-0.148140116377077,Primary
266,0.114167250531164,0.073543003575334,
267,0.053752778801405,0.186901727601475,Primary
268,0.122553481751448,-0.28403017480205,Metastasis
269,0.0484747222436,-0.118908544744832,Primary
270,-0.031693463326183,-0.034033878460649,Metastasis
271,0.046020155151595,0.078012360057764,
272,0.04562410032471,-0.197153989369149,Primary
273,-0.033752925790503,-0.160524037259391,Primary
274,0.126583207583787,0.019374902153694,Primary
275,-0.069205853719132,-0.196903865522563,Metastasis
276,0.066853173978301,0.169191102394493,
277,0.224338762995396,-0.077126089717787,Metastasis
278,0.078112080875366,-0.139827683407633,Metastasis
279,0.010944868700215,0.097046647358311,
280,-0.01233335122705,-0.080128483460721,Metastasis
281,0.087257301717768,-0.029615163669101,
282,0.07258919360156,-0.25461114008853,Metastasis
283,0.131701185595355,-0.047367050256188,Primary
284,-0.03085851971833,0.146649652459211,Metastasis
285,0.190298191965819,-0.025733665374046,Primary
286,-0.024967465386265,-0.011517646917401,Primary
287,0.059742124998871,-0.114533436263626,Metastasis
288,0.025810410539049,-0.209830173880476,Primary
289,0.127313778503946,-0.164996375783523,Primary
290,0.056919669746084,0.182478685704135,
291,0.071734281218888,-0.014469992270495,Metastasis
292,0.023130046371425,-0.134843005914744,Primary
293,-0.121941729635763,-0.032373824581184,Metastasis
294,0.155971930635417,-0.194358697084745,Primary
295,0.042971086470929,-0.048364351973281,Metastasis
296,0.033841616542299,0.088424155617076,Primary
297,0.110979105026226,-0.041802211186437,Primary
298,0.240277736748388,-0.092073547954584,
299,0.036083591078973,-0.101521759749292,Metastasis
300,0.027164456105599,0.240554654656746,
301,0.061510679338275,-0.030017334604577,Metastasis
302,0.210653871591568,0.173248135430734,
303,-0.036650617512126,0.010051452858271,
304,0.012040761005579,-0.208880335787843,
305,0.128401609166244,-0.039511223005036,Metastasis
306,0.01857445945414,0.00085428078095,Metastasis
307,0.033069062131884,-0.062113265450165,Primary
308,0.026570844500099,-0.136274531421532,Primary
309,0.124065394371888,0.082962923471451,Metastasis
310,0.17722592680614,-0.110601808282878,Metastasis
311,-0.0320970603942,-0.060725482470995,Metastasis
312,0.048748972279177,-0.178640068000351,Primary
313,0.180680601446593,0.042588597652398,
314,0.202870692946296,-0.078841547146567,Metastasis
315,0.111775895883669,-0.136249794147241,Primary
316,0.01336333173098,-0.194128706063125,Primary
317,0.084701974416752,-0.112757403592627,Primary
318,-0.127138292854241,-0.192324374457649,Metastasis
319,-0.046272183976156,0.012615502300656,central_nervous_system
320,-0.049419685083013,-0.00862067080342,Primary
321,-0.037017371375323,-0.119240572561967,
322,0.231663995064795,-0.285668717744562,Primary
323,0.080205249188749,-0.130796254674949,Metastasis
324,0.044344415175984,-0.202511893585201,Primary
325,0.114622285346922,-0.066009804736944,
326,0.040837418506538,-0.041885580022396,Primary
327,0.106899219303742,-0.048608640775348,Metastasis
328,-0.085264121326933,-0.14669619659099,
329,-0.020431798400288,0.048177980056686,Primary
330,0.061950275735992,-0.061611220545336,Primary
331,-0.043449378656285,-0.001023426986289,Metastasis
332,0.044659492406823,0.023908178691685,Metastasis
333,-0.062163103738493,0.043344960072233,Metastasis
334,0.04962257989209,-0.133227893657749,Metastasis
335,0.072390365559778,0.008890826545563,Primary
336,0.161628423649078,-0.012501025759684,
337,0.009869414094481,-0.180328843934792,
338,0.102881613587811,-0.124787076448922,
339,0.045071870969797,-0.180980876496242,Primary
340,0.090557921970632,-0.054607017154531,Metastasis
341,-0.042777827498739,0.173129359072267,Primary
342,0.066104898051853,0.053508459415689,Metastasis
343,0.089198597197958,-0.036990763894841,Primary
344,0.012003028591541,0.028533369759247,Metastasis
345,0.036816718428298,-0.144491729491762,Metastasis
346,0.013913990174319,0.026582062844657,Metastasis
347,-0.028902593420072,0.051679357812555,Primary
348,0.067188734673455,-0.301869388993643,haematopoietic_and_lymphoid_tissue
349,0.016996198854896,0.037208456425651,Metastasis
350,0.017926144566013,-0.150754938633669,Metastasis
351,-0.04450071827006,0.100122078099348,Metastasis
352,0.003043965155463,-0.15547038199463,
353,0.129059972681065,-0.058761198500055,Primary
354,-0.045494775103284,-0.072928414566288,
355,0.104272067311502,-0.040463885658401,Metastasis
356,-0.000963287301892,-0.077480386564377,Metastasis
357,0.213938972524304,-0.006642973457598,
358,0.051609406792753,0.040067415196824,Primary
359,0.065999064454376,0.090919398370542,Metastasis
360,0.009043855162363,-0.142656972028159,Primary
361,0.10812311573854,-0.191032768698134,Primary
362,-0.00738967486924,-0.176850296072645,Primary
363,0.048346098728732,-0.21830451797288,Primary
364,0.081825693998144,0.020012688568196,
365,0.038341617621698,-0.308930741831442,Primary
366,0.085878293068931,0.011614330209393,Primary
367,0.109361847574656,-0.021191685292269,Metastasis
368,0.13374639395544,-0.074248704523791,Metastasis
369,-0.039195444046221,-0.132706099295128,Metastasis
370,0.031438938549474,0.053844772928839,
371,0.111607034163401,0.055710894212145,Primary
372,0.120241288586931,-0.188746897295814,Primary
373,0.094293181300479,-0.051143319732653,Primary
374,0.063407112877357,0.03380673344359,Metastasis
375,0.089566572933072,-0.216399598497599,
376,0.130189576386128,-0.124649560960024,
377,0.164478240341003,-0.028890633520364,Metastasis
378,0.008980249070717,-0.277475132348446,Primary
379,-0.074893054656692,-0.187749312755367,Primary
380,0.140873643213449,-0.084804176197568,Primary
381,0.134932714890287,-0.036840485195193,
382,-0.056135761328246,-0.060830084270838,Primary
383,-0.013340158456061,0.00054063082369,Primary
384,0.071290407288896,-0.114542249913253,Primary
385,-0.014564979758831,0.005089780856979,Primary
386,0.110281526072537,-0.161033271540554,Primary
387,0.108176216452931,-0.032248209791675,Metastasis
388,0.020280224670193,-0.082525085039476,
389,0.036775502853773,-0.20993665190646,Metastasis
390,-0.221713922469397,-0.050198816059423,Primary
391,0.031702333063068,-0.209208225202762,Primary
392,0.049328617140776,0.075766689684248,Primary
393,0.109013892804851,-0.145949521803801,Metastasis
394,0.064386551948657,0.01936480194957,Metastasis
395,0.035959015828616,-0.11717403707055,
396,-0.034586372950891,0.127334077027443,Primary
397,0.187450229663686,0.07621255388469,
398,0.102155821234577,-0.119453034008497,Metastasis
399,0.089011464056334,-0.030504086961575,Metastasis
400,-0.093911047275303,-0.174985466620844,Primary
401,0.11980040817674,-0.164814530854971,Metastasis
402,0.223280319138706,-0.118872057859084,Metastasis
403,0.054711629197831,-0.031496282509591,Metastasis
404,0.127667169149336,0.056132954134165,Primary
405,0.009208879701318,-0.069868294857932,Metastasis
406,0.059601063104361,-0.08967612528902,Primary
407,0.102544655274001,-0.149067804862353,Primary
408,0.110474375228501,-0.381559603677325,
409,-0.002925327667894,0.117278623811677,
410,0.055254179070635,-0.150171069809008,Primary
411,0.013825199966243,0.055343263032352,Metastasis
412,0.090801337290175,-0.071123057725247,Primary
413,0.026624921424371,-0.024656355934748,Metastasis
414,0.166305113927903,-0.130691712932286,Primary
415,0.141596091942791,-0.149955776043522,Primary
416,-0.046023339236819,-0.004232680087017,Metastasis
417,0.04385246505435,0.116121208036323,Primary
418,0.008142837473002,-0.300422803118239,Primary
419,0.140365593286203,-0.061454548026303,Primary
420,0.023007392118659,-0.346487121595526,Metastasis
421,0.030443659801086,0.019711823837164,Metastasis
422,0.007157327871182,0.030841435779329,Primary
423,0.135114238214329,0.046187975847085,Primary
424,-0.045647175896957,0.078777140215957,
425,0.111222900537896,-0.262357522917708,haematopoietic_and_lymphoid_tissue
426,0.065056122840138,0.02549394353556,Primary
427,0.000837030151483,-0.595705388531234,Metastasis
428,-0.05350134665119,0.054704675028069,
429,0.023312875828567,0.068354948634625,Metastasis
430,0.077307506278605,-0.160986037885657,Primary
431,-0.025519301188583,0.033627803634949,
432,0.035024718796668,-0.046607512232836,Metastasis
433,-0.006101507845062,-0.121548798647478,
434,0.003526666293235,0.070399737161669,Metastasis
435,0.175325608155886,0.057885710578082,Primary
436,-0.019626213783515,0.061023466814642,Primary
437,0.033253206384535,0.044654121194318,
438,0.039775440684401,0.085181367760554,Primary
439,0.053895329982554,0.004209830261368,Primary
440,0.064220541272373,0.097461168125476,
441,0.129435956662478,-0.071727023780814,
442,0.036714790206334,-0.226589668574546,Metastasis
443,0.112830835706212,-0.056399580078966,Primary
444,0.192883982473073,0.164269283937292,Primary
445,0.136102182209265,-0.079579777871053,Primary
446,0.130421373749379,-0.225659407439212,Metastasis
447,0.023038098068264,0.0806080384418,
448,0.161922246661648,-0.235694747799307,
449,0.008697492449451,0.0495498795542,Primary
450,0.118035631621842,-0.055118435561281,Metastasis
451,0.030711107511253,-0.08113562579027,
452,-0.12058071069349,-0.112651010129701,Metastasis
453,0.046725957037285,0.114909649948662,Metastasis
454,0.131483651475965,-0.005790018227378,Metastasis
455,0.176919246831393,0.001233560472697,Primary
456,0.08750953631897,-0.360600842455565,Metastasis
457,0.162050775299803,-0.059728458445526,Primary
458,0.082080626411405,-0.098961417559821,
459,0.002558316874179,-0.126316029629327,Primary
460,0.024127932747122,0.010031540605124,
461,0.114046313261791,-0.051948318875482,Primary
462,0.079714402552666,-5.35398882993352e-05,Primary
463,0.144413778802119,-0.137931307632648,Primary
464,0.064134295610373,0.075681580502786,Metastasis
465,0.048456436134593,-0.079591424413233,Primary
466,-0.080161324234737,-0.122272940671174,Primary
467,0.033309625791034,-0.118899846056077,Primary
468,0.00591081038434,0.120849816299288,Primary
469,0.104848041348694,0.157654054492682,
470,0.103802808738334,0.031448463110034,Metastasis
471,0.079684467926289,-0.113295966338628,Primary
472,0.059459617369676,-0.11893162559808,Metastasis
473,-0.084603682792568,-0.09338851552858,Metastasis
474,0.102463839479275,-0.124834203415335,Metastasis
475,0.135463846816652,0.010598685798569,Primary
476,0.017864485397114,-0.058548688901829,Metastasis
477,0.157525546756895,-0.14267068058598,Metastasis
478,-0.043883526751864,-0.0321904626884,Metastasis
479,-0.012295440254222,-0.279310334945916,
480,0.109844003673572,0.013804544940083,Primary
481,-0.004208128698804,0.118318253786956,Primary
482,0.100472884707909,-0.026127509108488,
483,-0.059229125342741,-0.034305837629612,Metastasis
484,0.049629510888816,-0.150240165493868,Primary
485,0.076541512356088,0.117464900508348,
486,0.038062986359074,-0.085503417978015,Metastasis
487,0.003243083289422,-0.139824204121263,Metastasis
488,0.005233313019019,-0.021639967854674,
489,0.041198584537731,-0.196701817887257,Primary
490,0.156130750175156,-0.138159105153253,Primary
491,0.068633546307617,0.073358881135389,Primary
492,0.060305833883827,0.006273031727346,Primary
493,-0.1216452782773,0.100524743890354,Primary
494,0.140763802523884,-0.067015089542079,Primary
495,0.086411821373101,-0.110526371350568,Metastasis
496,0.01379498806003,-0.08933671971937,Metastasis
497,0.080010121816142,0.008419668106406,Metastasis
498,-0.106665521708056,0.094202717146419,Metastasis
499,0.039378103316757,-0.069861584250313,Metastasis
500,0.134467844339088,-0.036884333605794,Primary
501,0.011948973840809,-0.028472427682143,Primary
502,0.051688720336871,-0.017313273428565,
503,0.094620062585624,-0.221114997342103,Metastasis
504,0.093696771404275,-0.043958895314133,Metastasis
505,-0.142682121133015,-0.153489358085174,Metastasis
506,0.04168028089346,-0.292903034345336,Metastasis
507,0.084584308846625,0.073349357490124,Primary
508,-0.024275092270937,0.0479445285232,Primary
509,0.157168406004698,-0.098659785898695,Primary
510,0.029442058906279,0.045811565629151,Metastasis
511,0.156488407875676,0.01460061603694,Primary
512,0.069185405641317,-0.124226283110722,Primary
513,0.160891691277741,-0.063481538774193,
514,0.074175296186654,-0.049330181807146,
515,0.074251100349413,0.001122143810649,Primary
516,-0.022560120436774,-0.183781754966974,soft_tissue
517,-0.012085386513044,0.05270181716161,Primary
518,0.120127156161502,-0.196877754027177,Primary
519,0.057974893077617,0.062676583396767,Primary
520,0.081103450537253,-0.180065592831617,
521,-0.114160571556834,-0.000510854208733,Metastasis
522,0.057153471417754,-0.079039543875081,Metastasis
523,0.060346470475316,-0.171365165747739,Metastasis
524,0.055213367398254,-0.085304649104015,Primary
525,0.035210097022945,0.023283041575023,Metastasis
526,0.070652896484911,-0.155528837092066,Primary
527,0.033153133765899,-0.004186738662328,
528,0.268034185055752,-0.014301474163834,Primary
529,0.106266475413956,-0.037104851367963,Primary
530,0.147662380490192,-0.045450579350119,Primary
531,0.146487501271868,-0.070408289323513,Primary
532,-0.065588956810932,-0.217503808612934,Metastasis
533,0.100281078063234,-0.023765585406045,
534,0.088789205408744,0.010281427699547,Primary
535,0.110070062723746,-0.076124297804188,Primary
536,0.13023542933099,-0.254967382438475,Primary
537,-0.01717883380359,0.108137367716582,Primary
538,0.013930523515475,0.022835817060405,Primary
539,0.129155699590205,-0.005156890131139,Primary
540,0.17585246864914,-0.172699550137299,Primary
541,0.031037976822553,0.015262021552582,Primary
542,-0.037554355114309,-0.028276649356732,Primary
543,0.115004874498661,-0.037057843543004,Primary
544,0.089348668096783,-0.043207263487695,Primary
545,0.073332826248896,-0.189506010560776,Primary
546,0.015357819992271,-0.135654841847149,Metastasis
547,0.069214576446856,0.04487801961472,Metastasis
548,0.067297791817787,0.033321392576797,
549,0.035370047263404,-0.163446572060862,Metastasis
550,0.047178039546451,-0.078291665166256,Primary
551,0.135192490953969,-0.15633542884752,Metastasis
552,-0.055229769259308,0.031230919321658,
553,0.105536541749726,-0.051878922007908,Metastasis
554,0.004915939736826,0.03800817596607,Primary
555,0.132475376688241,-0.082015567936641,Primary
556,0.221457821103711,-0.154667093633376,Primary
557,0.106724148860311,0.007226207581608,Metastasis
558,0.033355837131223,0.047260978947304,Primary
559,0.112857877031244,-0.102770962485145,Metastasis
560,0.088063576832573,-0.107968016751492,Metastasis
561,0.158290855379914,-0.04701777776116,Primary
562,0.145558881900542,-0.02218156816057,Primary
563,0.243480835950742,-0.052683046485804,Primary
564,0.094971391849247,0.110283387086657,
565,0.039502252811419,0.149844254026347,Metastasis
566,-0.027459342009405,-0.066276553546588,Primary
567,0.090107934379979,-0.032649061422994,
568,-0.197117715627106,-0.134643284842111,Metastasis
569,0.115396103858548,-0.061452254709927,Metastasis
570,-0.004366777944232,0.049265606181034,Metastasis
571,0.050197717233286,0.038001122508719,Metastasis
572,0.038393684024685,-0.133181201154633,Primary
573,0.104834800673852,0.103445363921448,Primary
574,0.036812573302156,-0.168285872715387,Primary
575,0.079383955667172,-0.094602105841112,Metastasis
576,-0.071274039178234,0.062882075619078,
577,0.066859700745364,-0.025669869749969,Primary
578,0.090396898374307,0.013500942854906,Metastasis
579,0.116327054710543,-0.194114101328312,Metastasis
580,0.02496324271793,-0.061986703686521,Primary
581,0.162731149643727,0.202728210937997,Metastasis
582,0.07119637891263,0.042509016960848,Primary
583,0.127718294496534,-0.032474034488303,Primary
584,0.077864025256776,-0.149513625744049,
585,0.099481149747023,-0.049000017541045,Primary
586,0.008722185242621,-0.168675657990795,Primary
587,0.03409145037781,0.012390173486398,Primary
588,0.098086805535375,-0.151929852248241,Primary
589,-0.103420153620202,-0.147007800683104,
590,0.067135764727914,0.128487604038453,Metastasis
591,0.079262291796778,-0.087270243372915,
592,0.141835146234999,-0.252876742545429,
593,0.059995784087823,-0.14385749486533,Metastasis
594,0.054516004162574,-0.021086947654335,Primary
595,-0.035435846598101,-0.039690880916217,Metastasis
596,0.153205334394576,0.147845981291662,Metastasis
597,0.058513041637459,-0.528391861631446,Primary
598,0.116408852282479,-0.075717736493642,
599,0.229138415033019,-0.22094415957583,Primary
600,0.096501575088506,0.022732037501124,Primary
601,0.081605553844372,0.004648613575652,
602,0.139120760193322,0.004349877547308,Primary
603,0.117056950036682,-0.120499658021485,kidney
604,0.037706279166993,0.065519903153615,Metastasis
605,0.008218176206433,0.007693691518532,Primary
606,-0.020524694389081,-0.015042777938718,Metastasis
607,0.025038751519203,-0.073973984931735,Primary
608,0.205184677324728,-0.02730751458269,Metastasis
609,0.016082319647195,-0.079426618782546,Primary
610,0.002016763587554,-0.196552130395339,Metastasis
611,0.108190093201923,-0.083448356029305,Metastasis
612,0.03765038030928,-0.188028807180077,Primary
613,0.034762308794871,-0.009381853470067,Primary
614,-0.001472287437992,-0.03975053898567,Primary
615,0.047184431453721,-0.084883253112461,Primary
616,0.112076169932187,0.121332932889484,Metastasis
617,0.087546508346485,-0.269290461094524,Metastasis
618,0.056091260402981,-0.050081353741262,Primary
619,0.078461599315576,0.060764655006602,
620,0.142616679458814,-0.032596610865744,Metastasis
621,0.046402738996125,-0.023155088912423,Metastasis
622,0.083971183487901,-0.173239365470459,
623,0.083445821094885,0.020102850528838,Primary
624,0.007809941126803,-0.030186240332925,Primary
625,-0.097445515029433,-0.124701101924949,Primary
626,0.066340362108024,-0.084191756965413,Metastasis
627,0.068122413695904,-0.031606840259651,Metastasis
628,-0.020785780663063,-0.061232137770763,Primary
629,0.091511528204647,0.008228379384513,Primary
630,0.085440627122448,-0.076343264874456,Metastasis
631,-0.020040161471759,0.053285768973111,Primary
632,0.104860522301381,-0.049660860849009,Primary
633,0.07703295524748,-0.195790349860425,
634,0.131465349425132,-0.138169401502526,Metastasis
635,0.078676439251629,-0.031863518032502,Primary
636,-0.055400586357471,-0.168062601321485,Primary
637,0.115399417912025,-0.107523123088611,
638,-0.003899749089911,-0.080116572142539,Primary
639,0.045322662911988,-0.042266947822621,Metastasis
640,0.12397118520673,0.099068684642887,Metastasis
641,0.022394208095622,-0.006070680348428,
642,0.079598245575141,-0.200373030119032,Metastasis
643,0.050450875194913,-0.026494840591437,Primary
644,-0.065556382893158,-0.086411298071607,
645,0.157739944769382,-0.169077378305391,
646,0.179564414345432,-0.072645306347776,
647,0.143492054511111,-0.200961090801805,
648,0.14876781863289,-0.241447079573907,Metastasis
649,-0.08951899025552,-0.011464084226098,Primary
650,0.080302765485978,-0.202146988080404,
651,0.109022940045324,-0.072749934158765,Primary
652,0.054336568798067,-0.210500449185664,Metastasis
653,-0.003281414766938,-0.06062456746644,
654,0.050891042890884,0.039283300322551,
655,0.011758837982673,-0.005493921449873,
656,-0.127783725788158,-0.071636426229688,Primary
657,-0.147941456379293,-0.101910460684718,Primary
658,0.082511296632874,-0.008202889215588,Primary
659,0.027577885170869,-0.204665628746911,Primary
660,0.033688140200822,0.07499541202936,Primary
661,-0.084799620992034,-0.265029454404079,
662,0.17989690041204,-0.099718480406858,Primary
663,0.074076651074187,-0.102221318107772,Primary
664,0.099819060877612,-0.172497119547457,Metastasis
665,-0.03018271886233,-0.200952771568611,Primary
666,0.1567250566219,-0.219569408680854,Primary
667,0.113147824149151,-0.004909601658898,Metastasis
668,0.159474109412943,-0.066144583561787,Primary
669,0.079150185460304,-0.08143033423479,Primary
670,0.116726191642271,-0.094987564536088,Metastasis
671,-0.11427141460744,-0.050913491117268,Primary
672,0.158120046039655,-0.091426238548121,Metastasis
673,-0.167926127945562,0.066887734986421,Primary
674,0.030583021736218,0.083414721035965,Metastasis
675,0.114429088291153,-0.143223940965605,Primary
676,0.198339113696525,-0.138728601083617,Primary
677,-0.034857397180551,-0.122130210105194,Metastasis
678,0.022609741017473,0.020041177575174,
679,0.039125210407231,-0.112838599954865,
680,0.006500871896793,-0.365175434513012,
681,-0.060290688187487,0.10069489863848,Primary
682,0.137821806423532,-0.045471973283644,Metastasis
683,0.048107534211043,-0.019944988515673,
684,0.093772394423181,-0.12405729492376,Primary
685,0.186791854066159,0.015911989328095,Metastasis
686,0.138748290792717,0.060215951494776,Metastasis
687,0.037854302748149,0.082513579531558,Primary
688,0.114378569777156,-0.016350899841692,Metastasis
689,0.002840775680457,0.080550369484049,Metastasis
690,0.063466025417817,-0.035972844229051,Primary
691,0.130205808989436,-0.107532321361319,
692,0.04959638082842,-0.009485745957055,
693,0.013367374581811,0.099855807994731,
694,0.139848547510599,-0.202400529279623,Metastasis
695,0.072509107244022,-0.125800727162946,Primary
696,0.103666232075582,0.09236069704816,Metastasis
697,0.155356200894573,-0.212971617296497,Metastasis
698,0.022655696533641,-0.281391270965487,Primary
699,0.104639341566481,0.041888149136676,central_nervous_system
700,-0.025325483036054,-0.030418368488292,autonomic_ganglia
701,0.048697086259114,-0.029216417518797,Primary
702,0.030766350250115,0.114124542475772,Primary
703,0.095089842797247,-0.044204310317089,Primary
704,-0.182738513174481,-0.113564488936679,Primary
705,0.086378818540783,-0.205292934970664,Primary
706,0.066592959725993,-0.044216898808413,
707,0.01087672121088,0.005049999517036,Primary
708,0.081570200280326,-0.073161473664557,Primary
709,0.156132031536154,0.036336995381893,Metastasis
710,0.127562168303767,-0.060651768742453,Metastasis
711,-0.035060174724375,-0.069441538831951,
712,0.053769631307371,-0.037919992828674,Primary
713,-0.15649685510772,0.101430700902545,Primary
714,0.190520853197503,-0.122863458486289,
715,0.109978118555876,-0.103193653816754,Metastasis
716,-0.008399399771903,-0.087685796221916,Metastasis
717,-0.086351758763037,-0.023150486122669,autonomic_ganglia
718,0.080098961493793,-0.045041089261298,Primary
719,0.066974135167288,-0.184042131520786,Primary
720,-0.012806949701542,0.060384483508521,
721,0.057216813107747,-0.074992486694501,
722,0.061076826047709,-0.077405688908453,Primary
723,0.050162430562273,-0.039706008233205,
724,-0.066606386853316,-0.233429353396198,Primary
725,0.023397689080586,-0.054631252475284,Primary
726,0.261373706253726,-0.062487621770637,Metastasis
727,0.130240026067967,0.003156217045559,
728,0.077022084380297,-0.149347239550838,
729,-0.073946156017921,0.052431316103154,Primary
730,0.122299672232405,0.013577621681924,Metastasis
731,0.144034304234576,-0.638037748204956,Metastasis
732,0.122758541515328,-0.205299674820633,Metastasis
733,0.085392625057422,-0.036128388851783,Metastasis
734,0.088298257536476,-0.126906041450293,Primary
735,0.040045261342138,-0.129101458298333,Primary
736,0.029176523778054,-0.063747074447248,
737,0.046939554987391,-0.178767598343205,Metastasis
738,0.033528754200726,0.069762772451256,
739,-0.011533096233185,-0.041603345882041,Primary
740,0.039964409144472,-0.017032162868057,
741,-0.077611949335655,-0.174768509842868,
742,0.076852980854628,-0.227544437828565,Primary
743,0.00573519303848,-0.164212589676002,
744,0.132021029181915,-0.001800974497034,Metastasis
745,0.068795162707152,0.053154903171152,Primary
746,0.074386890033401,-0.118970303631094,Primary
747,0.129694212660453,-0.27841103514386,Primary
748,-0.014527561173522,-0.143086675772197,Primary
749,0.054505283309318,-0.032895912085296,Metastasis
750,0.06795995799733,0.078784072249524,Metastasis
751,-0.062300020016336,0.052461194543148,
752,0.053282751710548,-0.023801619031176,Metastasis
753,0.057726218905164,0.149975386549146,Metastasis
754,0.005032341697854,0.001277324961779,Primary
755,0.098372013775648,-0.03273665235336,Primary
756,0.07346828103151,-0.164451405584511,Primary
757,0.096735355721153,-0.004981836578788,Primary
758,0.065662488442446,-0.100038274682791,
759,0.000823785502551,-0.039358400889639,Metastasis
760,0.056530562834884,-0.081853434459016,
761,0.011017992382895,0.00520059140571,Primary
762,0.048035516658044,0.070472030951678,Primary
763,0.11270379183265,-0.035925345215916,Primary
764,0.01082932610874,0.007812917409315,Primary
765,-0.086969302444914,0.021574119851867,Primary
766,0.022186621022198,0.106554031092686,Metastasis
767,0.087555518546665,-0.16248198525702,Primary
768,0.080044883159165,0.0142812916951,Primary
769,0.259654482667054,-0.057758378128874,Primary
770,0.066957250764347,-0.194443681986263,Primary
771,0.153223271728919,0.00702746408291,Metastasis
772,-0.34771695621832,0.05553603969832,Metastasis
773,0.05921531269593,-0.133669077725245,Metastasis
774,0.012191335941045,-0.086004036528345,Metastasis
775,-0.066891893829215,-0.182890814258284,Metastasis
776,0.040259170797325,-0.349025678491027,Primary
777,0.112233322121886,-0.277844179737659,
778,0.089379586904657,-0.129990089335205,Primary
779,0.103395385094721,-0.169715737096362,Primary
780,0.165259659589752,-0.156266743534288,Metastasis
781,0.078013366539686,-0.023044643724578,Primary
782,-0.025191699650433,-0.058300741411792,Metastasis
783,0.001984168965162,-0.109854828460306,Primary
784,0.037375121372792,-0.157800950507011,Primary
785,0.123674707499874,-0.116461551911274,Primary
786,-0.057213543858264,-0.04272870519325,Primary
787,0.045432326675657,-0.053047705182363,
788,-0.004857458116322,-0.067738569741353,Primary
789,0.050770103717235,-0.045072938583387,Primary
790,0.028106328047271,-0.153947139277927,Metastasis
791,0.014922677042369,0.012188415092963,Primary
792,0.093419011353888,0.068449132347048,Metastasis
793,0.15082413106941,0.006758944794401,Metastasis
794,0.085542523603944,-0.123211925030699,
795,-0.018407699870601,-0.002789398811502,Primary
796,-0.04020906256001,0.046626084431327,Primary
797,0.205885587657734,0.009674138630702,Primary
798,0.069048926088216,-0.048123541941871,
799,0.081894145716584,0.087250590704099,Primary
800,-0.00132292420313,-0.032683466337749,Metastasis
801,0.15413488080256,0.069632900589744,Primary
802,-0.050194227254089,-0.083556425891679,soft_tissue
803,0.059733428493308,-0.084048318390042,Primary
804,0.158576288718467,-0.000496983514706,Primary
805,0.029906776521807,-0.076202911928865,Primary
806,0.097799403530435,-0.123487831399144,Metastasis
807,0.036129098700082,-0.011950732970233,Metastasis
808,-0.019697156188984,-0.140367746995406,Primary
809,0.058082443154976,0.08502474052033,Primary
810,0.069309042571854,-0.048511992927676,Metastasis
811,0.106876189163354,-0.243225830029061,Primary
812,0.084433453017804,0.014005470977532,Primary
813,-0.006687622252059,-0.145456115544934,Metastasis
814,0.055714845442079,-0.014357981376545,Primary
815,0.076631667548947,-0.047301175388851,Primary
816,-0.046351284064993,-0.021195742583771,Primary
817,0.041771188637557,0.036236472757567,Primary
818,0.13798825380613,0.073793829569679,Primary
819,0.042302010715793,-0.047097791091286,Metastasis
820,0.131111122533328,-0.151838661539637,Metastasis
821,0.096440924154456,0.140901951946169,
822,0.128963822084117,-0.141443915604902,Primary
823,0.057612673631631,-0.140872873164151,
824,0.126469275885633,-0.259257727724293,Primary
825,-0.120856762310724,0.093958707832706,Metastasis
826,0.039832742735797,-0.215790785584792,Primary
827,0.178550058373191,-0.051766118090395,Metastasis
828,0.007371662577677,-0.07868020249063,Primary
829,0.09045692269974,-0.244264885426175,Metastasis
830,0.032683977194158,0.077619713635456,Primary
831,0.07952763502305,-0.118997683721429,Metastasis
832,0.005835279436867,-0.250793330487295,Primary
833,0.079374994620591,-0.065749754090087,Primary
834,0.058648120333707,-0.156755264719526,Metastasis
835,-0.012692718397876,-0.059474905918556,Metastasis
836,0.141942078686905,0.085440660485896,Primary
837,0.077800753028888,-0.108953565795775,Primary
838,0.059373522920272,-0.099440714006215,Metastasis
839,-0.09720021063126,-0.060265097594858,haematopoietic_and_lymphoid_tissue
840,0.214571401972385,-0.064410512352733,Primary
841,0.044771322833489,-0.081055604205344,Primary
842,0.239263548782549,0.132606031446757,Metastasis
843,-0.081459073986308,-0.101927116213677,Primary
844,-0.113484198454045,-0.452837986947682,
845,0.254130134980886,-0.072160290690183,Metastasis
846,0.011146524784031,-0.034313031431547,Primary
847,0.06004000819867,-0.126897744367683,Metastasis
848,0.012271159567359,-0.007513891981696,
849,0.090540417024243,0.020025558970673,Primary
850,0.013384653288995,0.221085424510777,Primary
851,0.135671601485714,-0.280039841158712,Primary
852,-0.003912013521626,-0.059828843047287,Primary
853,0.145739307837341,0.008878085778397,Metastasis
854,0.178914799760621,-0.02490679148517,Primary
855,-0.125031625296001,-0.094682745620254,
856,0.016682089720517,-0.034334646116761,Primary
857,0.013697525246902,-0.163842051638306,Primary
858,0.137097376611779,-0.194430563458411,Metastasis
859,0.057774585819941,-0.018544353808392,Metastasis
860,0.079049356637367,-0.332316469740385,Primary
861,0.113825207336714,-0.008903944306034,
862,0.040378093872582,-0.017409175629873,
863,-0.060822433616128,-0.147486545029654,Metastasis
864,-0.017443529304806,-0.057131729117089,Metastasis
865,0.061462246818881,-0.141880877294374,Primary
866,0.051394545925577,-0.030456817968728,Primary
867,0.133092518649909,-0.106131707476709,Primary
868,0.001011000808934,0.195765280073743,Primary
869,0.099017562380582,-0.093448677665418,Metastasis
870,0.078351575375311,-0.044121574876949,Metastasis
871,0.033969795434827,-0.020258463601058,Primary
872,0.086368920177492,-0.024587779556274,
873,-0.028667168336887,-0.011310339740618,Metastasis
874,0.008478911873075,-0.139300599801433,Primary
875,0.087514840014878,0.030200215434823,Primary
876,0.068510484045065,0.15579349151194,Metastasis
877,0.112759059362949,-0.105779880864809,Primary
878,0.059166273181785,0.011565125881628,Primary
879,-0.028135893404101,-0.059624956161919,Primary
880,0.05706445966564,-0.012115660683654,Metastasis
881,0.111617147125318,-0.124897188024312,Metastasis
882,-0.024485860951753,0.080063664849906,Primary
883,-0.08424584038205,-0.249284994740304,
884,0.049132806575143,-0.202304457241793,Primary
885,0.079843114554599,0.028304817589084,
886,0.070483310870057,-0.052251425942706,Primary
887,0.136367010311097,-0.105074833797408,Primary
888,0.150148672244172,-0.246249602601031,Metastasis
889,-0.022284346845637,-0.02215319116699,Metastasis
890,0.102549161703018,-0.192071968267631,Metastasis
891,0.086563470478182,0.086170874407197,Primary
892,-0.05667579709722,0.026758500900955,
893,0.076020620326311,-0.133945609631426,Primary
894,0.09791154727594,-0.027428648548131,Metastasis
895,0.10228920086129,0.094143081378617,Primary
896,0.100979437345856,-0.243900264059223,
897,0.128931291196172,-0.112356139246413,
898,-0.111479677123806,0.082189807952035,Primary
899,0.081942356981688,-0.121404904076312,Primary
900,-0.048198905742909,-0.02521693575724,Metastasis
901,0.142095510006893,0.046538627251549,
902,0.02440345880577,0.003106637120095,
903,0.105014743824767,-0.059190480785301,
904,0.212435624439489,0.019219651804046,
905,-0.015575189524577,0.11191467714,Primary
906,-0.002609100760415,0.105262356391639,Primary
907,0.001817177479004,0.056451323999993,Metastasis
